group_1,group_2,taxon,CH_002_BS,CH_007_BE,CH_009_SO,CH_011_SO,CH_012_OW,CH_014_LU,CH_015_VS,CH_016_VS,CH_017_VS,CH_018_VS,CH_020_VD,CH_021_VD,CH_022_VD,CH_023_SG,CH_025_SG,CH_026_SG,CH_027_SG,CH_028_SG,CH_032_AG,CH_033_AG,CH_034_AG,CH_035_AG,CH_036_AG,CH_039_AG,CH_040_ZH,CH_041_ZH,CH_042_ZH,CH_043_ZH,CH_044_ZH,CH_045_ZH,CH_046_ZH,CH_047_ZH,CH_048_ZH,CH_049_ZH,CH_050_ZH,CH_054_FR,CH_056_BE,CH_058_BE,CH_059_BE,CH_060_BE,CH_062_BE,CH_063_BE,CH_065_ZH,CH_066_ZH,CH_067_BL,CH_068_JU,CH_069_JU,CH_070_TG,CH_071_TG,CH_072_TG,CH_073_TG,CH_074_NW,CH_075_ZG,CH_076_ZG,CH_079_AG,CH_084_JU,CH_085_NE,CH_086_GE,CH_087_JU,CH_088_JU,CH_089_SO,CH_091_GR,CH_092_BE,CH_093_LU,CH_094_BE,CH_095_GR,CH_098_TI,CH_099_TI,CH_100_SZ,CH_101_UR,CH_106_BE,CH_107_FR,CH_111_AG,CH_114_BE,CH_115_AI,CH_116_LU,CH_119_NE,CH_123_TI,CH_126_VD,CH_127_VD,CH_128_VD,CH_129_VD,CH_130_VD,CH_131_VD,CH_132_VD,CH_133_BE,CH_134_BE,CH_135_AR,CH_136_AG,CH_137_AG,CH_138_BE,CH_139_BE,CH_140_FR,CH_141_JU,CH_143_SG,CH_144_SG,CH_145_SH,CH_146_SH,CH_147_TG,CH_148_TG,CH_149_TI,CH_150_VD,CH_151_VD,CH_152_VS,CH_153_NE,CH_154_LU
PORIFERA,PORIFERA,PORIFERA,0,0,0,0,0,0,0,0,0,0,0,0,0,0,0,0,0,0,0,0,0,0,0,0,0,0,0,0,0,0,0,0,0,0,0,0,0,0,0,0,0,0,0,0,0,0,0,0,0,0,0,0,0,0,0,0,0,0,0,0,0,0,0,0,0,0,0,0,0,0,0,0,0,0,0,0,0,0,0,0,0,0,0,0,0,0,0,0,0,0,0,0,0,0,0,0,0,0,0,0,0,0,0,0,0,0
CNIDARIA,CNIDARIA,CNIDARIA,0,0,0,0,0,0,0,0,0,0,0,0,0,0,0,0,0,0,0,0,0,0,0,0,0,0,0,0,0,0,0,0,0,0,0,0,0,0,0,0,0,0,0,0,0,0,0,0,0,0,0,0,0,0,0,0,0,0,0,0,0,0,0,0,0,0,0,0,0,0,0,0,0,0,0,0,0,0,0,0,0,0,0,0,0,0,0,0,0,0,0,0,0,0,0,0,0,0,0,1,0,0,0,0,0,0
BRYOZOA,BRYOZOA,BRYOZOA,0,0,0,0,0,0,0,0,0,0,0,0,0,0,0,0,0,0,0,0,0,0,0,0,0,0,0,0,0,0,0,0,0,0,0,0,0,0,0,0,0,0,0,0,0,0,0,0,0,0,0,0,0,0,0,0,0,0,0,0,0,0,0,0,0,0,0,0,0,0,0,0,0,0,0,0,0,0,0,0,0,0,0,0,0,0,0,0,0,0,0,0,0,0,0,0,0,0,0,0,0,0,0,0,0,0
PLATYHELMINTHES,PLATYHELMINTHES,Dendrocoelidae,0,0,0,0,0,2,0,0,0,0,0,0,0,0,0,0,0,0,0,0,0,0,0,0,0,0,0,0,0,0,0,0,0,0,0,0,0,0,0,0,0,1,0,0,0,1,0,0,0,0,0,0,1,0,2,0,0,0,3,0,6,0,0,0,0,0,0,0,0,0,0,0,0,0,0,0,0,0,0,1,0,0,0,0,0,0,0,0,0,0,0,0,0,1,0,0,0,0,0,0,0,0,0,0,0,0
PLATYHELMINTHES,PLATYHELMINTHES,Dugesiidae,0,0,9,12,0,17,0,0,0,0,17,0,0,0,0,0,0,0,11,0,1,0,2,2,3,0,0,0,1,0,0,11,0,0,0,2,0,0,0,0,135,2,0,1,0,7,1,1,3,0,0,0,3,0,5,1,0,0,7,7,3,12,0,0,0,0,1,0,4,0,0,0,0,0,0,0,0,0,0,12,0,33,0,0,0,0,30,0,0,0,0,0,0,13,0,0,7,2,0,0,4,0,0,0,0,0
PLATYHELMINTHES,PLATYHELMINTHES,Planariidae,0,1,14,0,0,10,4,1,0,0,4,3,0,0,0,0,0,1,0,0,12,0,0,7,0,1,0,0,0,0,0,0,0,0,0,0,0,0,0,0,0,0,0,0,0,0,0,0,0,2,0,0,0,0,2,0,3,1,34,0,0,0,0,0,0,0,0,0,0,0,0,0,0,0,1,0,89,70,0,22,0,1,1,0,1,0,5,0,0,0,1,33,4,0,3,0,0,0,0,0,0,0,3,51,14,1
NEMATHELMINTHES,NEMATHELMINTHES,NEMATHELMINTHES,0,0,3,0,0,1,0,0,0,1,0,0,0,1,2,3,0,2,2,0,6,2,5,7,0,0,0,0,0,0,0,0,0,0,0,0,1,0,0,0,0,0,0,0,0,3,0,11,12,26,2,0,0,0,1,5,10,1,0,0,0,6,1,0,0,0,2,1,0,0,0,0,0,0,0,0,0,1,0,1,1,2,0,0,0,0,0,0,0,0,0,0,0,4,0,0,60,0,1,1,1,0,0,0,2,0
ANNELIDA,Hirudinea,Erpobdellidae,3,3,2,0,0,3,0,0,0,0,8,0,0,0,1,4,1,9,0,0,2,0,0,1,0,1,4,13,0,3,21,4,18,1,24,1,0,10,0,0,0,2,0,0,2,4,0,1,8,28,3,0,0,2,1,23,0,0,22,4,20,0,0,0,0,0,0,0,0,0,1,0,2,0,0,0,1,0,0,9,0,0,0,0,0,0,0,0,0,5,0,18,0,0,4,1,14,0,1,4,0,0,0,3,0,3
ANNELIDA,Hirudinea,Glossiphoniidae,0,0,0,0,0,0,0,0,0,0,0,1,4,0,0,0,0,0,0,0,0,0,0,0,0,0,0,0,0,0,0,0,0,1,0,0,0,0,7,0,0,0,0,0,0,2,0,0,2,2,0,0,0,0,0,1,0,0,0,0,3,0,0,0,0,0,0,0,0,0,0,0,0,0,1,1,0,0,0,6,0,0,1,0,0,0,3,0,0,0,2,0,1,1,2,0,0,0,0,0,0,0,0,23,0,0
ANNELIDA,Hirudinea,Hirudidae (Tachet),0,0,0,0,0,0,0,0,0,0,0,0,0,0,0,0,0,0,0,0,0,0,0,0,0,0,0,0,0,0,0,0,0,0,0,0,0,0,0,0,0,0,0,0,0,0,0,0,0,0,0,0,0,0,0,0,0,0,0,0,0,0,0,0,0,0,0,0,0,0,0,0,0,0,0,0,0,0,0,0,0,0,0,0,0,0,0,0,0,0,0,0,0,0,0,0,0,0,0,0,0,0,0,0,0,0
ANNELIDA,Hirudinea,Piscicolidae,0,0,0,0,0,0,0,0,0,0,0,0,0,0,0,3,0,0,0,0,0,0,0,0,0,0,0,0,0,0,0,0,0,0,0,0,0,0,0,0,5,0,0,0,0,0,0,0,1,0,0,0,1,0,0,0,0,0,0,0,0,0,0,0,0,0,0,0,0,0,0,0,0,0,0,0,0,0,0,0,0,0,0,0,0,0,0,0,0,0,0,0,0,0,0,0,0,0,0,1,0,0,0,2,0,0
ANNELIDA,Oligochaeta,Oligochaeta,23,100,150,227,6,90,3,7,36,23,101,295,22,540,288,25,100,60,270,575,372,5,90,925,8,7,18,34,3,5,32,17,5,44,0,583,1,12,14,35,70,85,4,7,20,180,60,1000,75,700,1500,1,82,140,1015,460,175,35,350,100,608,400,9,8,18,1,75,60,100,0,45,15,9,11,103,16,40,0,26,240,276,486,31,231,16,63,220,19,17,20,256,512,24,1000,766,93,600,175,160,2296,952,88,91,101,531,9
MOLLUSCA,Gastropoda,Acroloxidae,0,0,0,0,0,0,0,0,0,0,0,0,0,0,0,0,0,0,0,0,0,0,0,0,0,0,0,0,0,0,0,0,0,0,0,0,0,0,0,0,0,0,0,0,0,0,0,0,0,0,0,0,0,0,0,0,0,0,0,0,0,0,0,0,0,0,0,0,0,0,0,0,0,0,0,0,0,0,0,0,0,0,0,0,0,0,0,0,0,0,0,0,0,0,0,0,0,0,0,0,0,0,0,0,0,0
MOLLUSCA,Gastropoda,Ancylidae (Tachet),5,0,0,0,0,0,0,0,0,0,0,0,0,0,0,0,0,0,2,0,0,0,0,1,3,4,1,9,0,3,6,0,2,0,0,0,0,0,1,0,1,0,3,0,4,0,0,0,0,0,2,0,2,7,35,0,2,0,9,0,0,0,0,1,0,0,0,0,0,1,0,5,0,0,0,0,0,0,0,1,0,0,0,0,0,0,0,0,0,0,0,0,0,0,0,0,0,5,0,0,0,0,2,0,0,3
MOLLUSCA,Gastropoda,Bithyniidae,0,0,4,0,0,8,0,0,0,0,0,0,0,0,0,0,0,0,0,0,0,0,0,0,2,0,0,4,1,0,0,0,0,0,0,0,0,0,0,0,0,0,0,0,0,0,0,0,0,0,1,0,0,0,7,0,0,0,0,0,0,0,0,0,0,0,0,0,0,0,0,0,0,0,0,0,0,0,0,0,0,0,0,0,0,0,0,0,0,0,0,0,0,0,0,0,4,0,0,0,0,0,0,0,9,0
MOLLUSCA,Gastropoda,Ferrissiidae (Tachet),0,0,0,0,0,0,0,0,0,0,0,0,0,0,0,0,0,0,0,0,0,0,0,0,0,0,0,0,0,0,0,0,0,0,0,0,0,0,0,0,0,0,0,0,0,0,0,0,0,0,0,0,0,0,0,0,0,0,0,0,0,0,0,0,0,0,0,0,0,0,0,0,0,0,0,0,0,0,0,0,0,0,0,0,0,0,0,0,0,0,0,0,0,0,0,0,0,0,0,0,0,0,0,0,0,0
MOLLUSCA,Gastropoda,Hydrobiidae,5,7,0,0,0,3,0,0,1,0,0,0,0,0,0,0,0,0,19,4,565,0,0,11,3,2,3,0,0,0,2,10,0,4,3,0,0,0,0,0,2,0,0,0,9,0,0,225,18,74,8,0,11,1,450,12,0,0,0,0,0,0,0,0,0,0,0,1,0,0,0,0,0,0,0,0,0,0,0,0,0,0,0,0,0,0,0,0,0,0,280,0,0,0,0,1,3,0,3,14,0,0,0,0,0,0
MOLLUSCA,Gastropoda,Lymnaeidae,2,3,2,2,0,1,0,0,0,0,11,0,0,0,0,0,4,1,1,1,1,6,4,1,1,0,0,2,1,1,0,5,5,0,3,3,0,4,5,0,12,0,0,41,0,9,6,2,16,24,0,0,0,0,2,47,26,0,3,0,0,0,0,1,8,0,0,0,4,0,0,0,0,0,0,0,2,0,6,4,0,0,2,0,0,0,0,0,0,0,2,0,0,0,1,0,4,50,2,1,0,0,0,1,0,0
MOLLUSCA,Gastropoda,Neritidae,0,0,0,0,0,0,0,0,0,0,0,0,0,0,0,0,0,0,0,0,0,0,0,0,4,0,0,0,0,0,0,0,0,0,0,0,0,0,0,0,0,0,0,0,0,0,0,0,0,0,0,0,0,0,0,0,0,0,0,0,0,0,0,0,0,0,0,0,0,0,0,0,0,0,0,0,0,0,0,0,0,0,0,0,0,0,0,0,0,0,0,0,0,0,0,0,0,0,0,0,0,0,0,0,0,0
MOLLUSCA,Gastropoda,Physidae,1,0,0,0,0,0,0,0,0,0,0,0,0,0,0,0,0,0,3,1,0,0,0,3,0,1,2,0,0,0,0,0,0,0,1,0,0,0,0,0,1,0,0,0,0,0,0,0,0,3,0,0,3,1,7,0,0,0,0,0,0,0,0,0,0,0,0,0,0,0,0,0,0,0,0,0,0,0,0,0,1,0,0,0,0,0,0,0,8,0,1,0,0,0,0,0,0,34,0,0,0,0,0,0,0,0
MOLLUSCA,Gastropoda,Planorbidae,0,0,3,0,0,10,0,0,0,0,0,1,0,0,0,0,0,0,0,0,2,1,0,0,0,0,0,0,0,0,0,0,0,0,2,0,0,0,0,0,0,0,0,0,0,0,0,0,0,0,0,0,1,0,12,2,0,0,0,0,0,0,0,0,0,0,0,0,7,0,0,1,0,0,0,0,0,0,1,19,0,0,0,0,0,0,0,0,0,0,0,0,0,0,4,0,0,0,0,0,0,0,0,0,0,0
MOLLUSCA,Gastropoda,Valvatidae,0,0,0,0,0,0,0,0,0,0,0,0,0,0,0,0,0,0,0,0,0,0,0,0,0,0,0,1,0,0,0,0,0,0,2,0,0,0,0,0,0,0,0,0,0,0,0,0,0,0,1,0,0,0,0,43,17,0,0,0,0,0,0,0,0,0,0,0,0,0,0,0,0,0,0,0,0,0,0,0,0,0,0,0,0,0,0,0,0,0,0,0,0,0,0,0,0,0,0,0,0,0,0,0,1,0
MOLLUSCA,Gastropoda,Viviparidae,0,0,0,0,0,0,0,0,0,0,0,0,0,0,0,0,0,0,0,0,0,0,0,0,0,0,0,0,0,0,0,0,0,0,0,0,0,0,0,0,0,0,0,0,0,0,0,0,0,0,0,0,0,0,0,0,0,0,0,0,0,0,0,0,0,0,0,0,0,0,0,0,0,0,0,0,0,0,0,0,0,0,0,0,0,0,0,0,0,0,0,0,0,0,0,0,0,0,0,0,0,0,0,0,0,0
MOLLUSCA,Bivalvia,Corbiculidae*,0,0,0,0,2,28,0,0,0,0,0,0,0,0,0,0,0,0,0,0,0,0,0,0,1,0,0,37,0,0,0,0,0,0,0,0,0,0,0,0,0,0,0,0,0,0,0,0,0,0,0,0,76,0,0,0,0,0,0,0,0,0,0,0,0,0,0,0,0,0,0,0,0,0,0,0,0,0,0,0,0,0,0,0,0,0,0,0,0,0,0,0,0,0,0,0,0,0,0,0,0,0,0,0,0,0
MOLLUSCA,Bivalvia,Dreissenidae*,0,0,0,0,5,8,0,0,0,0,0,0,0,0,0,0,0,0,0,0,0,0,0,0,11,0,0,0,1,0,1,0,0,0,0,0,0,0,0,0,0,0,0,0,0,0,0,0,0,0,0,0,0,0,0,0,0,0,0,0,0,0,0,0,0,0,0,0,0,0,0,0,0,0,0,0,0,0,0,0,0,0,0,0,0,0,0,0,0,0,0,0,0,0,0,0,0,0,0,0,0,0,0,0,0,0
MOLLUSCA,Bivalvia,Sphaeriidae,1,1,22,0,0,12,0,0,0,0,5,7,0,0,1,0,0,0,31,13,32,5,1,15,1,7,2,15,2,11,49,13,2,2,1,8,0,1,11,0,10,11,0,0,6,0,8,1,11,6,5,0,1,1,19,39,3,0,2,2,0,0,0,0,0,0,0,0,0,0,0,0,0,0,2,0,5,0,2,19,0,0,0,0,0,0,13,0,0,1,1,16,5,12,3,1,32,10,15,1,0,9,17,29,0,0
MOLLUSCA,Bivalvia,Unionidae,0,0,0,0,0,0,0,0,0,0,0,0,0,0,0,0,0,0,0,0,0,0,0,0,0,0,0,0,0,0,0,0,0,0,0,0,0,0,0,0,0,0,0,0,0,0,0,0,0,0,0,0,0,0,0,0,0,0,0,0,0,0,0,0,0,0,0,0,0,0,0,0,0,0,0,0,0,0,0,0,0,0,0,0,0,0,0,0,0,0,0,0,0,0,0,0,0,0,0,0,0,0,0,0,0,0
ARTHROPODA,Arachnida (Inf.-Cl.) Acari,Hydracarina,10,24,21,35,0,1,1,0,0,1,7,0,1,1,5,37,75,8,93,5,41,2,12,15,0,4,0,0,0,0,0,1,0,0,0,5,0,4,26,38,1,6,0,0,18,20,45,175,200,75,14,0,2,13,6,470,291,3,15,8,7,22,2,4,52,1,33,56,11,5,5,92,2,2,59,16,21,52,2,14,3,6,0,5,2,11,0,1,10,23,0,0,1,5,36,71,120,14,43,54,16,10,0,42,1,3
ARTHROPODA,Branchiopoda,Branchiopoda,0,0,0,0,0,0,0,0,0,0,0,0,0,0,0,0,0,0,0,0,0,0,0,0,0,0,0,0,0,0,0,0,0,0,0,0,0,0,0,0,0,0,0,0,0,0,0,0,0,0,0,0,0,0,0,0,0,0,0,0,0,0,0,0,0,0,0,0,0,0,0,0,0,0,0,0,0,0,0,0,0,1,0,0,0,0,0,0,0,0,0,0,0,0,0,0,0,0,0,0,0,0,3,0,0,0
ARTHROPODA,Amphipoda,Corophiidae*,0,0,0,0,0,0,0,0,0,0,0,0,0,0,0,0,0,0,0,0,0,0,0,0,0,0,0,0,0,0,0,0,0,0,0,0,0,0,0,0,0,0,0,0,0,0,0,0,0,0,0,0,0,0,0,0,0,0,0,0,0,0,0,0,0,0,0,0,0,0,0,0,0,0,0,0,0,0,0,0,0,0,0,0,0,0,0,0,0,0,0,0,0,0,0,0,0,0,0,0,0,0,0,0,0,0
ARTHROPODA,Amphipoda,Gammaridae,903,400,1500,190,0,0,0,0,25,5,776,245,8,0,0,0,0,0,275,50,124,220,1,198,49,120,51,135,6,0,21,0,0,8,12,504,0,2284,590,2,6800,670,8,7,30,470,190,0,0,120,45,14,50,50,14,360,107,65,1400,160,1436,500,7,16,1284,0,0,0,46,0,306,48,460,10,8,506,4355,0,15,74,501,597,207,0,5,14,1700,0,210,20,841,1497,970,320,4,133,0,0,336,35,24,147,261,32,50,910
ARTHROPODA,Amphipoda,Niphargidae,0,0,0,0,0,0,0,0,0,0,0,0,0,0,0,0,0,0,0,0,0,0,0,0,0,0,0,0,0,0,0,0,0,0,0,0,0,0,0,0,0,0,0,0,0,0,0,0,0,0,0,0,0,0,0,0,0,0,0,0,0,0,0,0,0,0,0,0,0,0,0,0,0,0,0,0,0,0,0,0,0,0,0,0,0,0,0,0,0,0,0,0,0,0,0,0,0,0,0,0,0,0,0,0,0,0
ARTHROPODA,Isopoda,Asellidae,6,3,38,0,1,100,0,0,0,0,11,27,35,0,0,0,0,3,2,0,3,0,15,0,3,5,1,3,22,1,49,1,0,2,0,0,0,0,1,0,0,2,0,0,5,4,0,2,3,3,8,0,3,3,0,7,0,0,10,3,66,0,0,1,0,0,0,0,2,0,0,0,1,0,0,6,2,0,0,47,0,0,0,0,0,0,0,0,14,1,1,0,0,0,98,20,15,0,7,10,5,0,0,10,0,9
ARTHROPODA,Isopoda,Janiridae*,0,0,0,0,0,0,0,0,0,0,0,0,0,0,0,0,0,0,0,0,0,0,0,0,12,0,0,0,0,0,0,0,0,0,0,0,0,0,0,0,0,0,0,0,0,0,0,0,0,0,0,0,0,0,0,0,0,0,0,0,0,0,0,0,0,0,0,0,0,0,0,0,0,0,0,0,0,0,0,0,0,0,0,0,0,0,0,0,0,0,0,0,0,0,0,0,0,0,0,0,0,0,0,0,0,0
ARTHROPODA,Mysida,Mysidae*,0,0,0,0,0,0,0,0,0,0,0,0,0,0,0,0,0,0,0,0,0,0,0,0,0,0,0,0,0,0,0,0,0,0,0,0,0,0,0,0,0,0,0,0,0,0,0,0,0,0,0,0,0,0,0,0,0,0,0,0,0,0,0,0,0,0,0,0,0,0,0,0,0,0,0,0,0,0,0,0,0,0,0,0,0,0,0,0,0,0,0,0,0,0,0,0,0,0,0,0,0,0,0,0,0,0
ARTHROPODA,Decapoda,Astacidae,0,0,0,0,0,0,0,0,0,0,0,0,0,0,0,0,0,0,0,0,0,0,0,0,0,0,0,0,0,0,0,0,0,0,0,0,0,0,0,0,0,0,0,0,0,0,0,0,0,0,0,0,0,0,0,0,0,0,0,0,0,0,0,0,0,0,0,0,0,0,0,0,0,0,0,0,0,0,0,0,1,0,0,0,0,0,0,0,0,0,0,0,0,0,0,0,0,0,0,0,0,0,0,0,0,0
ARTHROPODA,Decapoda,Cambaridae*,0,0,0,0,0,0,0,0,0,0,0,0,0,0,0,0,0,0,0,0,0,0,0,0,0,0,0,0,0,0,0,0,0,0,0,0,0,0,0,0,0,0,0,0,0,0,0,0,0,0,0,0,0,0,0,0,0,0,0,0,0,0,0,0,0,0,0,0,0,0,0,0,0,0,0,0,0,0,0,1,0,0,0,0,0,0,0,0,0,0,0,0,0,0,0,0,0,0,0,0,0,0,0,0,0,0
ARTHROPODA,Ephemeroptera,Ameletidae,0,0,0,0,0,0,0,0,0,0,0,0,0,0,0,0,0,0,0,0,0,0,0,0,0,0,0,0,0,0,0,0,0,0,0,0,0,0,0,0,0,0,0,0,0,0,0,0,0,0,0,0,0,0,0,0,0,0,0,0,0,0,0,0,0,0,0,0,0,0,0,0,0,0,0,0,0,0,0,0,0,0,0,0,0,0,0,0,0,0,0,0,0,0,0,0,0,0,0,0,0,0,0,0,0,0
ARTHROPODA,Ephemeroptera,Baetidae ,51,48,178,275,14,794,390,118,57,392,238,45,466,822,421,513,296,785,43,55,238,837,174,117,2,75,16,117,0,16,93,21,81,33,86,188,150,106,61,264,115,34,164,59,52,815,368,116,234,76,0,173,270,236,233,262,119,20,444,167,200,256,124,137,440,54,57,155,399,167,317,276,135,120,268,153,150,215,520,31,728,234,73,70,187,404,768,233,1260,761,81,14,68,63,172,91,8,102,7,96,78,666,32,0,5,300
ARTHROPODA,Ephemeroptera,Caenidae,9,6,36,0,2,2,0,0,0,0,1,0,42,1,20,692,2,110,0,0,0,0,442,0,0,46,6,3,0,0,14,66,0,0,200,0,0,0,6,0,0,0,0,2,2,13,0,1480,27,432,0,0,4,0,0,477,0,0,0,40,0,0,0,1,0,0,0,0,1,0,1,0,2,0,0,0,0,0,3,0,0,0,0,0,0,0,0,0,0,0,0,0,0,0,0,0,706,0,0,27,1,1,0,0,0,0
ARTHROPODA,Ephemeroptera,Ephemerellidae,0,0,3,76,4,40,0,0,0,0,1,0,0,0,0,0,0,0,1,0,3,1,1,3,0,12,0,12,0,2,0,0,0,11,0,0,0,59,0,3,32,0,3,0,4,66,169,8,0,1,0,0,6,1,21,87,0,0,81,0,0,0,0,0,1,0,0,0,0,0,0,1,0,2,0,1,0,0,0,212,0,0,0,0,0,0,16,0,0,3,0,0,0,4,0,0,2,0,0,0,26,5,0,0,0,23
ARTHROPODA,Ephemeroptera,Ephemeridae,2,16,0,24,0,0,0,0,0,0,0,0,1,0,0,1,2,0,11,0,0,0,2,0,0,8,5,1,0,0,0,2,0,0,0,0,0,0,2,15,0,0,0,25,0,8,110,1,21,11,0,0,0,5,0,12,12,0,24,21,1,0,0,7,0,0,0,0,0,0,8,5,2,2,0,4,0,0,11,0,1,0,0,0,0,0,1,0,1,0,0,0,0,45,0,0,0,2,0,0,0,152,0,0,0,1
ARTHROPODA,Ephemeroptera,Heptageniidae,8,37,0,69,0,22,6,1,0,0,0,0,0,0,120,324,316,40,4,0,0,0,5,0,0,2,0,16,0,2,0,0,5,0,20,4,16,10,19,142,1,6,65,15,0,241,123,0,1,36,0,17,2,12,0,0,81,5,88,4,1,108,64,246,19,32,8,294,144,10,25,254,32,151,72,6,0,195,1,1,10,27,23,27,2,26,173,74,0,261,8,0,17,236,0,0,0,0,0,11,4,66,12,0,0,12
ARTHROPODA,Ephemeroptera,Leptophlebiidae,75,5,0,160,3,0,0,0,0,0,0,1,0,1,4,1,6,5,35,0,0,0,3,0,0,5,3,0,0,0,0,0,1,0,2,7,0,0,3,0,0,2,6,27,3,29,160,1,4,27,0,0,0,1,0,0,54,0,18,0,9,0,0,8,1,0,0,0,0,0,0,5,2,17,10,13,0,10,0,0,2,12,0,3,0,0,57,3,0,127,2,0,0,115,0,0,0,17,0,13,0,304,2,0,0,12
ARTHROPODA,Ephemeroptera,Oligoneuriidae,0,0,0,0,0,0,0,0,0,0,0,0,0,0,0,0,0,0,0,0,0,0,0,0,0,0,0,0,0,0,0,0,0,0,0,0,0,0,0,0,0,0,0,0,0,0,0,0,0,0,0,0,0,0,0,0,0,0,0,0,0,0,0,0,0,0,0,0,0,0,0,0,0,0,0,0,0,0,0,0,0,0,0,0,0,0,0,0,0,0,0,0,0,0,0,0,0,0,0,0,0,0,0,0,0,0
ARTHROPODA,Ephemeroptera,Polymitarcyidae,0,0,0,0,0,0,0,0,0,0,0,0,0,0,0,0,0,0,0,0,0,0,0,0,0,0,0,0,0,0,0,0,0,0,0,0,0,0,0,0,0,0,0,0,0,0,0,0,0,0,0,0,0,0,0,0,0,0,0,0,0,0,0,0,0,0,0,0,0,0,0,0,0,0,0,0,0,0,0,0,0,0,0,0,0,0,0,0,0,0,0,0,0,0,0,0,0,0,0,0,0,0,0,0,0,0
ARTHROPODA,Ephemeroptera,Potamanthidae,0,1,0,0,0,0,0,0,0,0,0,0,6,0,0,0,0,0,0,0,0,0,0,0,0,0,0,23,0,0,0,0,0,0,0,0,0,0,2,0,0,0,0,0,0,0,0,0,0,0,0,0,7,0,0,0,0,0,0,0,0,0,0,0,0,0,0,0,0,0,3,0,0,0,0,0,0,0,0,0,0,0,0,0,0,0,0,0,0,0,0,0,0,0,0,0,0,0,0,0,0,0,0,0,0,0
ARTHROPODA,Ephemeroptera,Siphlonuridae,0,0,0,0,0,0,0,0,0,0,0,0,0,0,61,29,0,0,0,0,0,0,0,0,0,0,0,0,0,0,0,0,0,0,0,0,0,0,0,0,0,0,0,0,0,0,0,0,0,0,0,0,0,0,0,0,0,0,0,0,0,0,1,0,0,0,4,3,0,0,0,0,0,0,0,0,0,30,0,0,0,0,0,0,0,0,0,0,0,0,0,0,0,0,0,0,0,0,0,0,0,0,0,0,0,0
ARTHROPODA,Odonata,Aeshnidae,0,0,0,0,0,0,0,0,0,0,0,0,0,0,0,0,0,0,0,0,0,0,0,0,0,0,0,0,0,0,0,0,0,0,0,0,0,0,0,0,0,0,0,0,0,0,0,0,0,0,0,0,0,0,0,0,0,0,0,0,0,0,0,0,0,0,0,0,0,0,0,0,0,0,0,0,0,0,0,0,0,0,0,0,0,0,0,0,0,2,0,0,0,0,0,0,0,0,0,0,0,0,0,0,0,0
ARTHROPODA,Odonata,Calopterygidae,0,0,6,0,0,0,0,0,0,0,0,0,3,0,0,0,0,0,4,0,0,0,0,0,0,0,0,3,0,1,1,0,0,2,1,0,0,0,1,0,2,1,0,0,0,0,28,0,1,1,0,0,17,2,1,1,0,0,2,1,0,0,0,0,0,0,0,0,0,0,0,0,0,0,0,0,0,0,0,3,0,0,0,0,0,0,0,0,0,0,0,0,0,4,15,0,2,0,0,10,0,1,3,0,0,1
ARTHROPODA,Odonata,Coenagrionidae,0,0,1,0,0,0,0,0,0,0,0,0,0,0,0,0,0,0,0,0,0,0,0,0,0,0,0,0,0,0,0,0,0,0,0,0,0,0,0,0,0,0,0,0,0,0,0,0,0,0,0,0,1,0,0,0,0,0,0,0,0,0,0,0,0,0,0,0,0,0,0,0,0,0,0,0,0,0,0,0,0,1,0,0,0,0,0,0,0,0,0,0,0,0,0,0,0,0,0,0,0,0,0,0,0,0
ARTHROPODA,Odonata,Cordulegasteridae,0,0,0,0,0,0,0,0,0,0,0,1,0,0,0,0,0,0,0,0,0,1,0,0,0,0,0,0,0,0,0,0,0,0,0,0,0,0,0,0,0,0,0,0,0,0,2,0,1,2,0,0,0,0,0,0,0,0,0,0,0,0,0,0,0,0,0,0,0,0,0,0,0,0,0,0,0,0,0,0,1,0,0,0,0,0,0,0,8,3,1,0,0,1,0,0,0,0,0,0,0,0,2,0,0,0
ARTHROPODA,Odonata,Corduliidae,0,0,0,0,0,0,0,0,0,0,0,0,0,0,0,0,0,0,0,0,0,0,0,0,0,0,0,0,0,0,0,0,0,0,0,0,0,0,0,0,0,0,0,0,0,0,0,0,0,0,0,0,0,0,0,0,0,0,0,0,0,0,0,0,0,0,0,0,0,0,0,0,0,0,0,0,0,0,0,0,0,0,0,0,0,0,0,0,0,0,0,0,0,0,0,0,0,0,0,0,0,0,0,0,0,0
ARTHROPODA,Odonata,Gomphidae,0,0,0,0,2,0,0,0,0,0,0,0,3,0,0,0,0,1,0,1,6,9,27,3,0,14,3,16,1,0,0,3,0,1,14,0,0,0,0,0,0,0,0,1,2,0,0,1,0,0,0,0,4,4,4,3,0,0,0,5,0,0,0,1,0,0,0,0,0,0,0,0,0,0,0,0,0,0,0,2,0,0,0,0,0,0,0,0,0,0,0,0,0,0,0,0,20,0,0,0,0,0,0,0,0,0
ARTHROPODA,Odonata,Lestidae,0,0,0,0,0,0,0,0,0,0,0,0,0,0,0,0,0,0,0,0,0,0,0,0,0,0,0,0,0,0,0,0,0,0,0,0,0,0,0,0,0,0,0,0,0,0,0,0,0,0,0,0,0,0,0,0,0,0,0,0,0,0,0,0,0,0,0,0,0,0,0,0,0,0,0,0,0,0,0,0,0,0,0,0,0,0,0,0,0,0,0,0,0,0,0,0,0,0,0,0,0,0,0,0,0,0
ARTHROPODA,Odonata,Libellulidae,0,0,0,0,0,0,0,0,0,0,0,0,0,0,0,0,0,0,0,0,0,0,0,0,0,0,0,0,0,0,0,0,0,0,0,0,0,0,0,0,0,0,0,0,0,0,0,0,0,1,0,0,0,0,0,0,0,0,0,0,0,0,0,0,0,0,0,0,0,0,0,0,0,0,0,0,0,0,0,0,0,0,0,0,0,0,0,0,0,0,0,0,0,0,0,0,2,0,0,0,0,0,0,0,0,0
ARTHROPODA,Odonata,Platycnemididae,0,0,0,0,0,0,0,0,0,0,0,0,4,0,0,0,0,0,0,0,0,0,1,0,0,0,1,1,1,0,0,0,0,1,0,0,0,0,0,0,0,0,0,0,0,0,0,0,3,0,0,0,34,0,0,0,0,0,0,0,0,0,0,0,0,0,0,0,0,0,0,0,0,0,0,0,0,0,0,40,0,0,0,0,0,0,0,0,0,0,0,0,0,0,0,0,12,0,0,6,0,0,0,0,0,0
ARTHROPODA,Plecoptera,Capniidae,0,1,0,0,0,0,0,0,1,3,0,0,0,0,0,2,2,0,0,0,0,0,0,0,0,0,0,0,0,0,0,0,0,0,0,0,2,0,0,1,0,0,0,1,0,0,0,0,0,0,0,1,0,0,0,0,0,2,0,0,0,0,0,4,0,0,5,1,0,0,0,1,0,3,3,0,0,0,0,0,0,0,0,8,0,3,0,0,0,0,0,0,0,0,0,0,0,0,0,0,0,0,0,0,0,0
ARTHROPODA,Plecoptera,Chloroperlidae,0,0,0,0,0,0,0,0,0,0,0,0,0,0,0,1,4,0,0,0,0,0,0,0,0,0,0,0,0,0,0,0,0,0,0,0,0,0,0,0,1,0,2,16,0,0,0,0,0,0,0,0,0,0,0,0,0,1,0,0,0,1,0,1,2,0,7,0,0,0,0,0,0,5,11,0,0,22,0,0,0,0,0,0,0,0,1,0,0,0,0,0,0,0,0,0,0,0,0,0,0,0,0,0,0,0
ARTHROPODA,Plecoptera,Leuctridae,2,15,0,68,0,0,170,110,28,45,2,0,0,1,15,16,58,7,1,0,0,0,4,0,0,1,1,0,0,0,1,0,0,0,0,0,56,0,0,13,0,0,52,9,2,12,31,0,1,0,0,105,0,3,4,2,75,3,6,1,0,900,22,36,4,115,1,385,700,44,2,207,16,130,80,0,1,53,0,0,13,0,20,18,26,114,21,8,37,0,0,0,1,15,0,0,9,20,1,0,1,4,0,0,0,0
ARTHROPODA,Plecoptera,Nemouridae,1,18,0,65,0,1,3,0,1,4,1,0,0,1,14,37,94,1,0,1,0,0,3,0,0,0,1,0,0,0,0,0,2,0,2,2,11,8,0,90,0,2,71,121,1,17,66,0,0,6,0,1,0,3,0,0,20,2,9,0,2,13,16,45,64,3,10,4,12,2,30,57,11,777,412,0,0,324,5,0,17,0,4,18,1,173,52,8,45,1,2,0,13,21,0,2,0,5,1,0,0,61,7,0,0,0
ARTHROPODA,Plecoptera,Perlidae,0,0,0,0,0,0,0,0,0,0,0,0,0,0,1,19,4,0,0,0,0,0,0,0,0,0,0,0,0,0,0,0,0,0,1,0,1,0,0,5,0,0,0,0,0,0,18,0,0,0,0,4,0,4,0,0,2,0,0,1,0,0,1,1,0,1,1,16,2,1,0,9,13,12,8,0,0,2,0,0,0,0,0,1,0,8,0,3,0,0,0,0,0,0,0,0,0,0,0,0,0,0,0,0,0,0
ARTHROPODA,Plecoptera,Perlodidae,0,8,0,2,1,0,3,0,0,0,0,0,0,0,2,12,12,1,0,0,0,0,0,0,0,3,2,0,0,0,0,0,0,0,3,0,1,0,2,37,0,0,2,13,0,1,0,0,0,1,0,2,0,2,0,0,5,4,2,0,0,10,4,7,1,0,2,93,19,6,14,19,7,69,16,0,0,92,0,0,0,0,6,0,0,75,0,3,0,0,0,0,0,0,0,0,0,0,0,0,0,0,0,0,0,0
ARTHROPODA,Plecoptera,Taeniopterygidae,0,2,0,13,0,1,258,0,8,0,8,0,0,3,11,33,3,2,0,0,0,0,0,0,0,2,0,0,0,0,0,1,6,1,2,1,48,0,0,29,0,0,25,145,0,6,3,1,0,93,0,87,0,28,0,0,0,0,2,5,0,18,3,45,3,1,2,0,5,8,2,5,0,81,3,1,0,0,1,0,14,2,20,84,0,1,6,52,0,0,0,0,0,6,0,0,0,0,0,0,0,24,1,0,0,0
ARTHROPODA,Heteroptera,Aphelocheiridae,0,0,0,0,0,0,0,0,0,0,0,0,0,0,0,0,0,0,0,0,0,0,0,0,0,0,0,8,0,0,0,0,0,0,0,0,0,0,0,0,0,0,0,0,0,0,0,0,0,0,0,0,0,0,2,0,0,0,0,0,0,0,0,1,0,0,0,0,0,0,0,0,0,0,0,0,0,0,0,0,0,0,0,0,0,0,0,0,0,0,0,0,0,0,0,0,0,0,0,0,0,0,0,0,0,0
ARTHROPODA,Heteroptera,Corixidae,0,0,0,0,0,0,0,0,0,0,0,0,0,0,4,8,1,0,13,0,5,0,0,0,0,0,0,0,0,0,0,0,0,0,0,0,0,0,8,1,0,0,0,0,0,2,8,0,1,2,0,0,0,0,0,0,0,0,0,0,0,0,0,0,0,0,1,3,0,0,0,5,0,0,0,0,0,45,0,0,0,3,0,0,0,0,0,0,0,0,0,0,0,0,0,0,0,0,0,0,0,0,0,0,0,0
ARTHROPODA,Heteroptera,Gerridae,0,0,0,0,0,0,0,0,0,0,0,0,0,0,0,0,0,0,0,0,0,0,0,0,0,0,0,0,0,0,0,0,0,0,0,0,0,0,0,0,0,0,0,0,0,0,0,0,0,0,0,0,0,0,0,0,0,0,0,0,0,0,0,0,0,0,0,0,0,0,0,0,0,0,0,0,0,0,0,0,0,0,0,0,0,0,0,0,0,0,0,0,0,0,0,0,0,0,0,0,0,0,0,0,0,0
ARTHROPODA,Heteroptera,Hebridae,0,0,0,0,0,0,0,0,0,0,0,0,0,0,0,0,0,0,0,0,0,0,0,0,0,0,0,0,0,0,0,0,0,0,0,0,0,0,0,0,0,0,0,0,0,0,0,0,0,0,0,0,0,0,0,0,0,0,0,0,0,0,0,0,0,0,0,0,0,0,0,0,0,0,0,0,0,0,0,0,0,0,0,0,0,0,0,0,0,0,0,0,0,0,0,0,0,0,0,0,0,0,0,0,0,0
ARTHROPODA,Heteroptera,Hydrometridae,0,0,0,0,0,0,0,0,0,0,0,0,0,0,0,0,0,0,0,0,0,0,0,0,0,0,0,0,0,0,0,0,0,0,0,0,0,0,0,0,0,0,0,0,0,0,0,0,0,0,0,0,0,0,0,0,0,0,0,0,0,0,0,0,0,0,0,0,0,0,0,0,0,0,0,0,0,0,0,0,0,0,0,0,0,0,0,0,0,0,0,0,0,0,0,0,0,0,0,0,0,0,0,0,0,0
ARTHROPODA,Heteroptera,Mesoveliidae,0,0,0,0,0,0,0,0,0,0,0,0,0,0,0,0,0,0,0,0,0,0,0,0,0,0,0,0,0,0,0,0,0,0,0,0,0,0,0,0,0,0,0,0,0,0,0,0,0,0,0,0,0,0,0,0,0,0,0,0,0,0,0,0,0,0,0,0,0,0,0,0,0,0,0,0,0,0,0,0,0,0,0,0,0,0,0,0,0,0,0,0,0,0,0,0,0,0,0,0,0,0,0,0,0,0
ARTHROPODA,Heteroptera,Naucoridae,0,0,0,0,0,0,0,0,0,0,0,0,0,0,0,0,0,0,0,0,0,0,0,0,0,0,0,0,0,0,0,0,0,0,0,0,0,0,0,0,0,0,0,0,0,0,0,0,0,0,0,0,0,0,0,0,0,0,0,0,0,0,0,0,0,0,0,0,0,0,0,0,0,0,0,0,0,0,0,0,0,0,0,0,0,0,0,0,0,0,0,0,0,0,0,0,0,0,0,0,0,0,0,0,0,0
ARTHROPODA,Heteroptera,Nepidae,0,0,0,0,0,0,0,0,0,0,0,0,0,0,0,0,0,0,0,0,0,0,0,0,0,0,0,0,0,0,0,0,0,0,0,0,0,0,0,0,0,0,0,0,0,0,0,0,0,0,0,0,0,0,0,0,0,0,0,0,0,0,0,0,0,0,0,0,0,0,0,0,0,0,0,0,0,0,0,0,0,0,0,0,0,0,0,0,0,0,0,1,0,0,0,0,0,0,0,0,0,0,0,0,0,0
ARTHROPODA,Heteroptera,Notonectidae,0,0,0,0,0,0,0,0,0,0,0,0,0,0,0,0,0,0,0,0,0,0,0,0,0,0,0,0,0,0,0,0,0,0,0,0,0,0,0,0,0,0,0,0,0,0,0,0,0,0,0,0,0,0,0,0,0,0,0,0,0,0,0,0,0,0,0,0,0,0,0,0,0,0,0,0,0,0,0,0,0,0,0,0,0,0,0,0,0,0,0,0,0,0,0,0,0,0,0,0,0,0,0,0,0,0
ARTHROPODA,Heteroptera,Pleidae,0,0,0,0,0,0,0,0,0,0,0,0,0,0,0,0,0,0,0,0,0,0,0,0,0,0,0,0,0,0,0,0,0,0,0,0,0,0,0,0,0,0,0,0,0,0,0,0,0,0,0,0,0,0,0,0,0,0,0,0,0,0,0,0,0,0,0,0,0,0,0,0,0,0,0,0,0,0,0,0,0,0,0,0,0,0,0,0,0,0,0,0,0,0,0,0,0,0,0,0,0,0,0,0,0,0
ARTHROPODA,Heteroptera,Veliidae,0,0,0,0,0,0,0,0,0,0,0,0,0,0,0,0,0,0,0,0,0,0,0,0,0,0,0,0,0,0,0,0,0,0,0,0,0,0,0,0,0,0,0,0,0,0,0,0,0,0,0,0,0,0,0,0,0,0,0,0,0,0,0,0,0,0,0,0,0,0,0,0,0,0,0,0,0,0,0,0,0,0,0,0,0,0,0,0,0,0,0,0,0,0,0,0,0,0,0,0,0,0,0,0,0,0
ARTHROPODA,Megaloptera,Sialidae,0,0,0,0,0,0,0,0,0,0,0,1,0,0,0,0,0,0,0,0,0,0,0,0,0,0,0,0,0,0,0,0,0,0,0,0,0,0,0,0,0,0,0,0,0,0,0,0,0,0,0,0,0,7,0,0,0,0,0,0,0,0,0,0,0,0,0,0,0,0,0,0,0,0,0,0,0,0,0,0,0,0,0,0,0,0,0,0,0,0,0,0,0,0,0,1,0,0,0,0,0,0,0,0,0,0
ARTHROPODA,Neuroptera,Osmylidae,0,0,0,0,0,0,0,0,0,0,0,0,0,0,0,0,0,0,0,0,0,0,0,0,0,0,0,0,0,0,0,0,0,0,0,0,0,0,0,0,0,0,0,0,0,0,0,0,0,0,0,0,0,0,0,0,0,0,0,0,0,0,0,0,0,0,0,0,0,0,0,0,0,0,0,0,0,0,0,0,0,0,0,0,0,0,0,0,0,0,0,0,0,0,0,0,0,0,0,0,0,0,0,0,0,0
ARTHROPODA,Neuroptera,Sisyridae,0,0,0,0,0,0,0,0,0,0,0,0,0,0,0,0,0,0,0,0,0,0,0,0,0,0,0,0,0,0,0,0,0,0,0,0,0,0,0,0,0,0,0,0,0,0,0,0,0,0,0,0,0,0,0,0,0,0,0,0,0,0,0,0,0,0,0,0,0,0,0,0,0,0,0,0,0,0,0,0,0,0,0,0,0,0,0,0,0,0,0,0,0,0,0,0,0,0,0,0,0,0,0,0,0,0
ARTHROPODA,Coleoptera,Curculionidae,0,0,0,0,0,0,0,0,0,0,0,0,0,0,0,0,0,0,0,0,0,0,0,0,0,0,0,0,0,0,0,0,0,0,0,0,0,0,0,0,0,0,0,0,0,0,0,0,0,0,0,0,0,0,0,0,0,0,0,0,0,0,0,0,0,0,0,0,0,0,0,0,0,0,0,0,0,0,0,0,0,0,0,0,0,0,0,0,0,0,0,0,0,0,0,0,0,0,0,0,0,0,0,0,0,0
ARTHROPODA,Coleoptera,Chrysomelidae,0,0,0,0,0,0,0,0,0,0,0,0,0,0,0,0,0,0,0,0,0,0,0,0,0,0,0,0,0,0,0,0,0,0,0,0,0,0,0,0,0,0,0,0,0,0,0,0,0,0,0,0,0,0,0,0,0,0,0,0,0,0,0,0,0,0,0,0,0,0,0,0,0,0,0,0,0,0,0,0,0,0,0,0,0,0,0,0,0,0,0,0,0,0,0,0,0,0,0,0,0,0,0,0,0,0
ARTHROPODA,Coleoptera,Dryopidae,0,0,0,0,0,0,0,0,0,0,0,0,0,0,0,0,0,0,0,0,0,0,0,1,0,0,0,0,0,0,0,0,0,0,0,0,0,0,0,0,0,0,0,0,0,0,0,0,1,0,0,0,0,0,0,0,0,0,0,1,0,0,0,0,0,0,0,0,0,0,0,0,0,0,0,0,0,0,0,0,0,0,0,0,0,0,0,0,0,0,0,0,1,0,0,0,0,0,0,0,0,0,0,0,0,0
ARTHROPODA,Coleoptera,Dytiscidae,0,1,0,10,0,0,0,0,0,0,0,0,1,0,0,0,0,0,1,0,0,1,0,0,0,0,0,0,0,0,0,0,0,0,0,0,0,1,0,0,0,4,0,25,0,0,10,0,0,1,0,0,1,0,0,0,13,0,0,0,0,0,0,0,0,0,0,0,0,0,0,1,3,0,0,0,0,0,0,4,0,1,0,0,1,4,2,0,0,0,0,0,0,1,0,0,0,0,1,0,0,0,0,30,0,0
ARTHROPODA,Coleoptera,Elmidae,50,44,180,496,73,200,0,0,0,0,24,29,68,8,17,60,160,140,340,120,347,290,250,85,1,62,34,84,5,51,96,150,200,13,24,46,0,515,430,59,210,220,87,90,91,100,450,250,110,180,100,0,130,166,125,420,166,3,190,138,102,0,10,120,160,0,2,100,160,2,275,136,170,22,150,174,64,38,50,107,22,367,33,9,1,29,90,71,31,83,224,38,184,220,9,2,100,26,6,175,53,473,6,6,0,296
ARTHROPODA,Coleoptera,Gyrinidae,2,0,0,1,6,0,0,0,0,0,0,0,0,0,0,4,0,6,5,0,0,0,0,0,0,1,1,1,0,0,0,0,0,0,0,2,0,0,7,1,0,5,0,0,0,4,6,0,0,1,0,0,0,0,0,0,0,0,4,18,0,0,0,0,0,0,0,0,0,0,2,2,20,1,0,2,0,0,0,0,0,0,0,0,0,0,1,1,0,0,0,0,0,8,1,0,0,0,0,2,0,0,0,0,0,0
ARTHROPODA,Coleoptera,Haliplidae,0,0,2,0,0,0,0,0,0,0,0,1,0,0,0,0,0,0,0,0,0,0,0,0,0,0,0,0,0,0,0,0,0,0,0,0,0,0,0,0,0,0,0,0,0,0,0,0,2,0,0,0,0,0,0,0,0,0,0,0,0,0,0,0,0,0,0,0,0,0,0,0,0,0,0,0,0,0,0,1,0,0,0,0,0,0,0,0,0,0,0,0,0,0,0,0,0,0,0,0,0,0,0,6,0,0
ARTHROPODA,Coleoptera,Helophoridae,0,0,0,0,0,0,0,0,0,0,0,0,0,0,0,0,0,0,0,0,0,0,0,0,0,0,0,0,0,0,0,0,0,0,0,0,0,0,0,0,0,0,0,0,0,0,0,0,0,0,0,0,0,0,0,0,1,0,0,0,0,0,0,0,0,0,0,0,0,0,0,0,0,0,0,0,0,0,0,0,0,0,0,0,0,0,0,0,0,0,0,0,0,0,0,0,0,0,0,0,0,0,0,0,0,0
ARTHROPODA,Coleoptera,Hydraenidae,0,0,1,0,0,0,0,0,0,0,0,1,0,0,0,0,8,0,0,0,0,0,0,1,0,0,0,0,0,0,0,0,3,0,0,1,0,0,0,0,0,0,0,1,0,0,3,0,6,7,0,0,0,0,0,0,0,0,0,0,0,0,1,0,0,0,0,0,0,1,0,0,0,0,3,0,0,4,0,0,0,0,0,1,1,1,1,1,0,0,0,0,0,2,0,0,0,0,0,1,0,0,0,0,0,0
ARTHROPODA,Coleoptera,Hydrochidae,0,0,0,0,0,0,0,0,0,0,0,0,0,0,0,0,0,0,0,0,0,0,0,0,0,0,0,0,0,0,0,0,0,0,0,0,0,0,0,0,0,0,0,0,0,0,0,0,0,0,0,0,0,0,0,0,0,0,0,0,0,0,0,0,0,0,0,0,0,0,0,0,0,0,0,0,0,0,0,0,0,0,0,0,0,0,0,0,0,0,0,0,0,0,0,0,0,0,0,0,0,0,0,0,0,0
ARTHROPODA,Coleoptera,Hydrophilidae,0,0,0,0,0,0,0,0,0,0,0,0,0,0,0,0,0,0,0,0,0,0,0,0,0,0,0,0,0,0,0,0,0,0,0,0,0,0,0,0,0,0,0,0,0,0,0,0,0,0,0,0,0,0,0,0,0,0,0,0,0,0,0,0,0,0,0,0,0,0,0,0,0,0,0,0,0,0,0,0,0,0,0,0,0,0,0,0,0,0,0,0,0,0,0,0,0,0,0,0,0,0,0,0,0,0
ARTHROPODA,Coleoptera,Hydroscaphidae,0,0,0,0,0,0,0,0,0,0,0,0,0,0,0,0,0,0,0,0,0,0,0,0,0,0,0,0,0,0,0,0,0,0,0,0,0,0,0,0,0,0,0,0,0,0,0,0,0,0,0,0,0,0,0,0,0,0,0,0,0,0,0,0,0,0,0,0,0,0,0,0,0,0,0,0,0,0,0,0,0,0,0,0,0,0,0,0,0,0,0,0,0,0,0,0,0,0,0,0,0,0,0,0,0,0
ARTHROPODA,Coleoptera,Hygrobiidae,0,0,0,0,0,0,0,0,0,0,0,0,0,0,0,0,0,0,0,0,0,0,0,0,0,0,0,0,0,0,0,0,0,0,0,0,0,0,0,0,0,0,0,0,0,0,0,0,0,0,0,0,0,0,0,0,0,0,0,0,0,0,0,0,0,0,0,0,0,0,0,0,0,0,0,0,0,0,0,0,0,0,0,0,0,0,0,0,0,0,0,0,0,0,0,0,0,0,0,0,0,0,0,0,0,0
ARTHROPODA,Coleoptera,Noteridae,0,0,0,0,0,0,0,0,0,0,0,0,0,0,0,0,0,0,0,0,0,0,0,0,0,0,0,0,0,0,0,0,0,0,0,0,0,0,0,0,0,0,0,0,0,0,0,0,0,0,0,0,0,0,0,0,0,0,0,0,0,0,0,0,0,0,0,0,0,0,0,0,0,0,0,0,0,0,0,0,0,0,0,0,0,0,0,0,0,0,0,0,0,0,0,0,0,0,0,0,0,0,0,0,0,0
ARTHROPODA,Coleoptera,Psephenidae,0,0,0,0,0,0,0,0,0,0,0,0,0,0,0,0,0,0,0,0,0,0,0,0,0,0,0,0,0,0,0,0,0,0,0,0,0,0,0,0,0,0,0,0,0,0,0,0,0,0,0,0,0,0,0,0,0,0,0,0,0,0,0,0,0,0,0,0,0,0,0,0,0,0,0,0,0,0,0,0,0,0,0,0,0,0,0,0,0,0,0,0,0,0,0,0,0,0,0,0,0,0,0,0,0,0
ARTHROPODA,Coleoptera,Scirtidae (=Helodidae),0,0,0,6,0,0,0,0,0,0,0,0,0,0,0,0,0,0,0,0,0,0,0,0,0,0,0,0,0,0,0,0,0,0,0,0,0,0,0,0,0,0,13,0,0,0,7,0,0,0,0,0,0,0,0,0,0,0,0,0,0,0,0,0,0,0,0,0,0,0,0,1,0,0,0,0,0,3,0,0,0,0,0,0,0,0,0,0,0,1,0,8,1,4,0,0,0,0,1,0,0,1,0,0,0,0
ARTHROPODA,Coleoptera,Spercheidae,0,0,0,0,0,0,0,0,0,0,0,0,0,0,0,0,0,0,0,0,0,0,0,0,0,0,0,0,0,0,0,0,0,0,0,0,0,0,0,0,0,0,0,0,0,0,0,0,0,0,0,0,0,0,0,0,0,0,0,0,0,0,0,0,0,0,0,0,0,0,0,0,0,0,0,0,0,0,0,0,0,0,0,0,0,0,0,0,0,0,0,0,0,0,0,0,0,0,0,0,0,0,0,0,0,0
ARTHROPODA,Trichoptera,Apataniidae,0,0,0,0,0,0,0,0,0,0,0,0,0,0,0,0,0,0,0,0,0,0,0,0,0,0,0,0,0,0,0,0,0,0,0,0,0,0,0,0,0,0,0,0,0,0,0,0,0,0,0,0,0,0,0,0,0,0,0,0,0,0,0,0,0,0,0,0,0,0,0,0,0,0,0,0,0,0,0,0,0,0,0,0,0,0,0,0,0,0,0,0,0,0,0,0,0,0,0,0,0,0,0,0,0,0
ARTHROPODA,Trichoptera,Beraeidae,0,0,0,0,0,0,0,0,0,0,0,0,0,0,0,0,0,0,0,0,0,0,0,0,0,0,0,0,0,0,0,0,0,0,0,0,0,0,0,0,0,0,0,0,0,0,0,0,0,0,0,0,0,0,0,0,0,0,0,0,0,0,0,0,0,0,0,0,0,0,0,0,0,0,0,0,0,0,0,0,0,0,0,0,0,0,0,0,0,0,0,0,0,0,0,0,0,0,0,0,1,0,0,0,0,0
ARTHROPODA,Trichoptera,Brachycentridae,0,0,0,0,0,0,0,0,0,0,0,0,0,0,0,0,0,0,0,0,0,0,0,0,0,0,2,0,0,0,0,0,0,0,0,0,0,0,0,0,0,0,2,0,0,0,0,0,0,0,0,0,0,6,0,0,0,0,0,13,0,0,0,0,0,0,0,0,0,0,0,0,0,0,0,0,0,0,0,0,0,0,0,0,0,0,0,0,0,0,0,0,0,0,0,0,0,0,0,0,0,0,0,0,0,0
ARTHROPODA,Trichoptera,Ecnomidae,0,0,0,0,0,0,0,0,0,0,0,0,0,0,0,0,0,0,0,0,0,0,0,0,0,0,0,0,0,0,0,0,0,0,0,0,0,0,0,0,0,0,0,0,0,0,0,0,0,0,0,0,0,0,0,0,0,0,0,0,0,0,0,0,0,0,0,0,0,0,0,0,0,0,0,0,0,0,0,0,0,0,0,0,0,0,0,0,0,0,0,0,0,0,0,0,0,0,0,0,0,0,0,0,0,0
ARTHROPODA,Trichoptera,Glossosomatidae,0,1,0,0,0,0,0,0,0,0,0,0,0,0,0,0,0,0,0,0,0,0,0,0,0,0,0,3,0,0,0,0,0,0,0,0,0,0,0,0,6,0,5,0,0,0,22,0,0,0,0,0,1,19,0,0,11,0,0,2,0,0,0,0,0,0,0,11,1,1,4,0,0,0,1,0,0,0,0,0,2,0,2,0,0,0,0,0,0,0,1,0,0,0,0,0,0,0,0,0,0,0,0,0,0,0
ARTHROPODA,Trichoptera,Goeridae,0,3,18,0,0,0,0,0,0,0,0,0,0,0,0,0,0,0,4,0,0,0,0,0,0,0,0,0,0,1,0,0,1,0,0,0,0,0,1,1,13,2,0,0,0,0,0,0,0,6,0,0,7,1,0,0,0,0,0,1,0,0,0,0,0,0,0,0,0,0,6,0,0,0,0,1,0,0,0,0,0,0,0,0,0,0,0,0,0,0,8,0,0,0,0,0,0,0,0,0,1,1,0,1,0,1
ARTHROPODA,Trichoptera,Helicopsychidae,0,0,0,0,0,0,0,0,0,0,0,0,0,0,0,0,0,0,0,0,0,0,0,0,0,0,0,0,0,0,0,0,0,0,0,0,0,0,0,0,0,0,0,0,0,0,0,0,0,0,0,0,0,0,0,0,0,0,0,0,0,0,0,0,0,0,0,0,0,0,0,0,0,0,0,0,0,0,0,0,0,0,0,0,0,0,0,0,0,0,0,0,0,0,0,0,0,0,0,0,0,0,0,0,0,0
ARTHROPODA,Trichoptera,Hydropsychidae,4,17,17,193,88,930,0,0,0,0,10,3,76,9,36,39,16,58,38,15,100,198,16,17,6,100,19,103,0,4,29,22,263,0,36,32,1,373,52,101,17,70,56,8,27,109,150,162,29,76,23,0,13,24,83,30,38,0,500,614,299,0,1,21,47,0,19,110,1,1,102,162,111,54,99,31,97,135,174,6,169,120,50,4,5,15,222,37,0,185,23,0,25,17,32,1,0,376,0,26,7,47,80,0,0,45
ARTHROPODA,Trichoptera,Hydroptilidae,0,1,0,0,0,3,0,0,0,0,0,0,1,1,0,1,0,1,3,3,5,4,1,0,0,0,4,3,0,2,0,0,2,0,2,10,0,7,0,1,0,1,1,0,0,0,0,85,6,2,7,0,2,0,14,112,4,0,80,3,8,0,0,0,2,0,2,1,8,0,0,1,6,0,2,0,2,0,4,0,0,1,0,0,0,2,5,0,0,0,0,0,0,0,33,5,10,2,0,2,54,0,0,0,0,0
ARTHROPODA,Trichoptera,Lepidostomatidae,0,0,0,0,0,0,0,0,0,0,0,0,0,0,0,2,1,0,1,1,8,85,0,13,0,16,3,28,0,1,7,0,65,0,66,0,0,0,0,0,0,0,0,1,2,1,0,6,0,5,12,0,0,5,120,9,0,0,0,3,0,0,0,0,0,0,0,0,0,0,1,0,1,0,0,0,3,0,0,0,0,0,0,0,0,0,0,0,0,0,0,0,0,0,0,0,4,0,0,2,0,0,0,0,0,0
ARTHROPODA,Trichoptera,Leptoceridae,8,0,1,1,0,11,0,0,0,0,0,0,0,0,0,5,0,4,50,0,13,0,3,1,0,1,5,1,1,0,0,1,0,1,23,0,0,0,27,3,0,0,0,0,1,2,1,6,2,21,2,0,2,9,7,29,0,0,3,2,0,0,0,0,0,0,4,0,0,0,2,0,6,0,0,1,0,0,1,4,0,1,0,0,0,0,0,0,0,0,0,0,0,0,0,0,31,0,0,2,2,0,0,0,0,0
ARTHROPODA,Trichoptera,Limnephilidae,5,12,34,5,3,0,250,625,88,375,0,3,1,0,0,0,0,0,8,0,2,11,0,0,0,5,4,1,14,1,1,9,1,0,4,8,0,2,10,2,3,68,1,19,1,8,47,1,2,27,0,2,52,11,3,3,12,0,22,12,0,6,1,4,3,0,0,51,13,59,21,64,3,20,6,12,18,1,0,32,18,12,8,0,0,0,5,0,2,0,54,283,8,276,9,30,15,18,29,29,0,42,130,27,6,27
ARTHROPODA,Trichoptera,Molannidae,0,0,0,0,0,0,0,0,0,0,0,0,0,0,0,0,0,0,0,0,0,0,0,0,0,0,0,0,0,0,0,0,0,0,0,0,0,0,0,0,0,0,0,0,0,0,0,0,0,0,0,0,0,0,0,0,0,0,0,0,0,0,0,0,0,0,0,0,0,0,0,0,0,0,0,0,0,0,0,0,0,0,0,0,0,0,0,0,0,0,0,0,0,0,0,0,0,0,0,0,0,0,0,0,0,0
ARTHROPODA,Trichoptera,Odontoceridae,1,1,0,15,0,0,0,0,0,0,0,0,0,0,0,1,0,0,4,0,0,0,0,0,0,0,0,0,0,0,0,0,0,0,0,2,0,3,0,0,12,3,1,12,0,11,27,0,2,13,0,0,0,0,0,0,4,0,7,0,7,0,0,0,0,0,0,0,0,0,0,0,0,0,1,1,0,0,0,0,3,0,14,0,0,0,1,0,0,2,0,0,0,7,0,0,0,0,0,0,0,0,0,0,0,2
ARTHROPODA,Trichoptera,Philopotamidae,0,0,0,0,0,0,0,0,0,0,0,0,0,0,0,0,0,0,0,0,0,0,0,0,0,0,0,0,0,0,0,0,0,0,0,0,0,0,0,0,0,0,0,0,0,0,0,0,0,0,0,0,0,0,0,0,0,0,0,116,0,0,0,0,0,0,0,0,0,0,0,0,0,0,0,0,0,9,0,0,0,0,0,0,0,0,0,0,0,0,0,0,0,0,0,0,0,0,0,0,0,0,0,0,0,0
ARTHROPODA,Trichoptera,Phryganeidae,0,0,0,0,0,0,0,0,0,0,0,0,0,0,0,0,0,0,0,0,0,0,0,0,0,0,0,0,0,0,0,0,0,0,0,0,0,0,0,0,0,0,0,0,0,0,0,0,0,0,0,0,0,0,0,0,0,0,0,0,0,0,0,0,0,0,0,0,0,0,0,0,0,0,0,0,0,0,0,0,0,0,0,0,0,0,0,0,0,0,0,0,0,0,0,0,0,0,0,0,0,0,0,0,0,0
ARTHROPODA,Trichoptera,Polycentropodidae,9,0,0,1,0,1,0,0,0,0,0,0,0,4,0,5,0,43,7,0,2,3,1,0,0,1,6,5,3,6,27,3,4,0,0,1,0,0,0,0,1,0,0,1,12,2,6,15,34,6,6,0,0,4,3,11,0,0,0,0,2,0,0,0,0,0,0,0,0,0,0,0,0,0,0,4,0,7,0,0,0,0,0,0,0,0,0,1,25,0,0,0,1,1,0,0,0,0,1,28,1,1,6,0,0,2
ARTHROPODA,Trichoptera,Psychomyiidae,1,10,4,1,1,53,0,0,0,0,0,3,2,0,1,1,0,1,0,1,0,2,2,5,0,0,4,8,0,0,13,0,0,0,0,8,0,14,4,0,0,3,0,0,2,0,7,0,0,0,0,0,3,9,1,0,7,2,1,13,2,0,1,9,0,0,2,7,0,1,27,0,3,0,9,0,1,0,0,0,5,7,0,1,0,2,0,0,20,27,3,0,9,4,3,1,0,12,2,3,0,1,3,0,0,0
ARTHROPODA,Trichoptera,Ptilocolepidae,0,0,0,0,0,0,0,0,0,0,0,0,0,0,0,0,0,0,0,0,0,0,0,0,0,0,0,0,0,0,0,0,0,0,0,0,0,0,0,0,0,0,0,0,0,0,0,0,0,0,0,0,0,0,0,0,0,0,0,0,0,0,0,0,0,0,0,0,0,0,0,0,0,0,0,0,0,0,0,0,0,0,0,0,0,0,0,0,0,0,0,0,0,0,0,0,0,0,0,0,0,0,0,0,0,0
ARTHROPODA,Trichoptera,Rhyacophilidae,8,9,0,43,17,16,9,20,1,14,2,2,1,12,3,7,0,13,2,7,3,18,32,1,0,3,0,6,0,2,13,0,8,0,0,10,4,16,18,7,0,7,18,0,4,33,30,2,0,9,4,7,0,16,7,0,14,0,17,22,16,35,10,11,29,3,2,15,46,29,11,19,32,9,5,15,12,16,7,1,8,32,5,4,12,9,46,3,30,61,0,0,30,11,0,0,0,15,0,2,3,53,10,0,0,16
ARTHROPODA,Trichoptera,Sericostomatidae,10,0,0,29,0,0,0,0,0,0,0,0,0,0,0,1,7,0,0,0,0,0,0,0,0,19,0,0,0,0,0,1,0,0,0,1,0,0,0,22,0,0,3,22,0,27,13,0,1,1,0,0,0,2,0,0,43,0,133,0,1,0,0,0,2,0,0,52,0,0,0,23,0,2,4,0,0,2,0,0,0,0,1,0,0,0,5,1,0,0,2,5,0,4,0,0,0,0,0,0,0,0,0,0,0,0
ARTHROPODA,Lepidoptera,Lepidoptera,0,0,0,0,0,0,0,0,0,0,0,0,0,0,0,0,0,0,0,0,0,0,0,0,0,0,0,0,0,0,0,0,0,0,0,0,0,0,0,0,0,0,0,0,0,0,0,0,0,0,0,0,0,0,0,0,0,0,0,0,0,0,0,1,0,0,0,0,0,0,0,0,0,0,0,0,0,0,0,0,0,0,0,0,0,0,0,0,0,0,0,0,0,0,0,0,0,0,0,0,0,0,0,0,0,0
ARTHROPODA,Diptera,Anthomyiidae/Muscidae,0,0,1,0,3,0,0,0,0,0,0,0,0,0,0,0,0,0,1,0,0,4,0,0,0,0,0,0,0,0,0,2,0,1,0,0,0,0,0,0,0,0,0,0,0,0,0,0,0,0,1,0,0,0,0,0,0,0,0,1,1,0,0,0,0,0,0,0,0,0,3,1,0,0,0,6,1,0,0,1,0,0,0,0,0,0,0,0,0,0,0,0,0,0,0,0,0,2,0,0,0,2,4,0,3,0
ARTHROPODA,Diptera,Athericidae,0,0,0,18,0,0,0,0,0,0,3,0,0,0,1,11,95,0,0,0,0,0,0,0,0,0,1,0,0,0,0,0,0,0,3,0,0,1,10,13,0,0,15,0,0,0,28,0,4,0,0,0,6,0,0,0,4,0,10,4,0,0,0,1,1,0,0,0,0,0,0,1,1,20,12,0,0,0,2,0,9,0,0,0,2,0,2,5,0,1,0,0,0,2,0,0,0,23,0,0,0,0,0,0,0,2
ARTHROPODA,Diptera,Blephariceridae,0,0,0,0,0,0,0,0,0,0,0,0,0,0,0,0,0,0,0,0,0,0,0,0,0,0,0,0,0,0,0,0,0,0,0,0,0,0,0,0,0,0,0,0,0,0,0,0,0,0,0,0,0,0,0,0,0,0,0,0,0,0,1,1,1,1,0,3,0,0,0,0,0,2,0,0,0,0,0,0,0,0,0,0,0,1,0,0,0,0,0,0,0,0,0,0,0,0,0,0,0,0,0,0,0,0
ARTHROPODA,Diptera,Ceratopogonidae,5,4,16,22,0,0,0,0,1,0,0,0,1,2,24,33,25,125,49,12,157,20,13,14,0,5,1,0,0,4,0,6,1,5,2,0,0,1,12,1,3,15,0,3,14,18,7,60,45,65,36,0,3,22,33,35,1,2,6,0,4,0,0,4,1,0,0,4,0,0,0,0,0,0,3,3,2,0,14,14,6,1,0,0,0,0,1,11,3,16,12,34,1,12,19,2,40,1,2,28,9,2,1,1,1,9
ARTHROPODA,Diptera,Chaoboridae,0,0,0,0,0,0,0,0,0,0,0,0,0,0,0,0,0,0,0,0,0,0,0,0,0,0,0,0,0,0,0,0,0,0,0,0,0,0,0,0,0,0,0,0,0,0,0,0,0,0,0,0,0,0,0,0,0,0,0,0,0,0,0,0,0,0,0,0,0,0,0,0,0,0,0,0,0,0,0,0,0,0,0,0,0,0,0,0,0,0,0,0,0,0,0,0,0,0,0,0,0,0,0,0,0,0
ARTHROPODA,Diptera,Chironomidae,1052,2100,860,972,152,430,42,101,51,101,337,660,550,1190,490,1800,400,1500,1400,1340,1690,1300,850,580,500,150,500,300,300,103,250,150,170,175,59,1819,220,576,1260,562,21,420,350,200,627,550,800,1500,1500,300,700,27,772,1259,585,660,116,439,470,152,1280,300,527,724,440,20,250,500,750,10,416,336,1200,419,1854,789,67,332,1100,3300,260,1236,343,350,313,370,220,75,750,100,50,131,210,1500,525,161,1200,2700,385,1428,348,1382,823,78,290,1452
ARTHROPODA,Diptera,Culicidae,0,0,0,0,0,0,0,0,0,0,0,0,0,0,0,0,0,0,0,0,0,0,0,0,0,0,0,0,0,0,0,0,0,0,0,0,0,0,0,0,0,0,0,0,0,0,0,0,0,0,0,0,0,0,0,0,0,0,0,0,0,0,0,0,0,0,0,0,0,0,0,0,0,0,0,0,0,0,0,0,0,0,0,0,0,0,0,0,0,0,0,0,0,0,0,0,0,0,0,0,0,0,0,0,0,0
ARTHROPODA,Diptera,Cylindrotomidae,0,0,0,0,0,0,0,0,0,0,0,0,0,0,0,0,0,0,0,0,0,0,0,0,0,0,0,0,0,0,0,0,0,0,0,0,0,0,0,0,0,0,0,0,0,0,0,0,0,0,0,0,0,0,0,0,0,0,0,0,0,0,0,0,0,0,0,0,0,0,0,0,0,0,0,0,0,0,0,0,0,0,0,0,0,0,0,0,0,0,0,0,0,0,0,0,0,0,0,0,0,0,0,0,0,0
ARTHROPODA,Diptera,Dixidae,0,0,0,0,0,0,0,0,0,0,0,0,0,0,0,0,0,0,0,0,0,0,0,0,0,0,0,0,0,0,0,0,0,0,0,0,0,0,0,0,0,0,0,0,0,0,0,0,0,0,0,0,0,0,0,0,0,0,0,0,0,0,0,0,0,0,0,0,0,0,0,0,0,0,0,0,0,0,0,0,0,0,0,0,0,0,0,0,0,0,0,0,0,0,0,0,0,0,0,0,0,0,0,0,0,0
ARTHROPODA,Diptera,Dolichopodidae,0,0,0,0,0,0,0,0,0,0,0,0,0,0,0,0,0,0,0,0,0,0,0,0,0,0,0,0,0,0,0,0,0,0,0,0,0,0,0,0,0,0,1,0,0,0,0,0,0,0,0,0,0,0,0,0,0,1,0,0,0,0,0,0,0,0,0,0,0,0,0,0,0,0,0,0,0,0,0,0,0,0,0,0,0,0,0,0,0,0,0,0,0,0,0,0,0,0,0,0,0,3,0,0,0,0
ARTHROPODA,Diptera,Empididae,8,70,1,164,1,2,1,4,0,4,1,0,7,1,5,12,7,6,4,0,2,1,14,1,0,0,0,0,0,0,0,1,0,0,0,26,3,19,8,2,0,20,1,1,3,19,13,5,6,12,7,0,1,3,3,49,16,1,5,3,4,5,0,16,10,2,12,16,2,0,1,6,7,10,18,3,3,3,5,5,27,3,4,0,1,2,3,0,9,11,2,0,15,17,59,7,9,32,18,5,2,1,13,1,0,6
ARTHROPODA,Diptera,Ephydridae,0,0,0,0,0,0,0,0,0,0,0,0,0,0,0,0,0,0,0,0,0,0,0,0,0,0,0,0,0,0,0,0,0,0,0,0,0,0,0,0,0,0,0,0,0,0,0,0,0,0,0,0,0,0,0,0,0,0,0,0,0,0,0,0,0,0,0,0,0,0,0,0,0,0,0,0,0,0,0,0,0,0,0,0,0,0,0,0,0,0,0,0,0,0,0,0,0,0,0,0,0,0,0,0,0,0
ARTHROPODA,Diptera,Limoniidae/Pedicidae,11,60,9,197,12,2,4,16,8,8,1,7,3,2,7,4,28,11,3,5,4,0,11,0,0,0,7,0,0,0,29,10,18,0,1,62,6,36,27,6,2,37,5,3,21,26,60,25,29,17,1,6,1,38,1,20,5,16,49,71,13,23,5,10,10,16,5,14,35,9,9,5,36,9,11,13,7,38,22,2,34,30,7,6,1,47,34,1,16,20,16,19,37,130,2,2,0,1,0,4,0,22,12,0,0,20
ARTHROPODA,Diptera,Psychodidae,23,4,0,37,0,0,0,0,1,4,5,3,10,1,0,3,3,1,5,5,16,25,55,9,0,0,0,2,0,0,3,5,10,0,1,20,1,1,23,4,0,0,0,2,5,10,2,25,4,40,18,0,5,2,33,9,2,6,3,2,22,11,11,4,6,0,0,2,0,0,1,4,4,2,2,1,1,0,88,7,5,9,1,0,3,32,4,1,1,0,1,0,1,2,1,1,4,12,5,1,0,95,7,0,1,1
ARTHROPODA,Diptera,Ptychopteridae,0,0,0,0,0,0,0,0,0,0,0,0,0,0,0,0,0,0,0,0,0,0,0,0,0,0,0,0,0,0,0,0,0,0,0,0,0,0,0,0,0,0,0,0,0,0,0,0,0,0,0,0,0,0,0,0,0,0,0,0,0,0,0,0,0,0,0,0,0,0,0,0,0,0,0,0,0,0,0,0,0,0,0,0,0,0,0,0,0,0,0,0,0,0,0,0,0,0,0,0,0,0,0,0,0,0
ARTHROPODA,Diptera,Rhagionidae,0,0,0,0,0,0,0,0,0,0,0,0,0,0,0,0,0,0,0,0,0,0,0,0,0,0,0,0,0,0,0,0,0,0,0,0,0,0,0,0,0,0,0,0,0,0,0,0,0,0,0,0,0,0,0,0,0,0,0,0,0,0,0,0,0,0,0,0,0,0,0,0,0,0,0,0,0,0,0,0,0,0,2,0,0,0,0,0,0,0,0,0,1,0,0,0,0,0,0,0,0,0,0,0,0,0
ARTHROPODA,Diptera,Scatophagidae,0,0,0,0,0,0,0,0,0,0,0,0,0,0,0,0,0,0,0,0,0,0,0,0,0,0,0,0,0,0,0,0,0,0,0,0,0,0,0,0,0,0,0,0,0,0,0,0,0,0,0,0,0,0,0,0,0,0,0,0,0,0,0,0,0,0,0,0,0,0,0,0,0,0,0,0,0,0,0,0,0,0,0,0,0,0,0,0,0,0,0,0,0,0,0,0,0,0,0,0,0,0,0,0,0,0
ARTHROPODA,Diptera,Sciomyzidae,0,0,0,0,0,0,0,0,0,0,0,0,0,0,0,0,0,0,0,0,0,0,0,0,0,0,0,0,0,0,0,0,0,0,0,0,0,0,0,0,0,0,0,0,0,0,0,0,0,0,0,0,0,0,0,0,0,0,0,0,0,0,0,0,0,0,0,0,0,0,0,0,0,0,0,0,0,0,0,0,0,0,0,0,0,0,0,0,0,0,0,0,0,0,0,0,0,0,0,0,0,4,0,0,0,0
ARTHROPODA,Diptera,Simuliidae,15,260,130,130,8,75,51,2,6,20,135,8,3200,350,720,300,225,500,41,52,9,37,160,27,0,6,35,15,0,1,1,114,42,21,123,13,24,6,31,1843,1550,33,200,250,45,170,75,36,750,47,85,68,1388,60,11,23,20,1,35,160,24,9,22,1352,8,6,175,100,135,6,33,13,22,2555,1332,24,80,1,31,2,65,58,770,170,106,39,56,1548,28,16,31,47,2,180,369,0,85,200,24,28,2,605,202,0,74,26
ARTHROPODA,Diptera,Stratiomyidae,1,0,1,1,0,0,0,1,0,0,3,0,0,0,0,0,0,0,0,0,0,2,3,0,0,0,0,1,0,0,0,0,0,0,0,1,0,1,0,0,0,1,0,0,0,0,1,1,1,0,1,0,0,0,0,2,1,0,1,1,0,0,0,0,0,0,0,0,0,0,0,0,0,2,0,0,1,0,0,0,1,1,0,0,0,0,2,0,6,0,1,1,0,0,0,0,1,2,0,0,0,5,3,0,0,1
ARTHROPODA,Diptera,Syrphidae,0,0,0,0,0,0,0,0,0,0,0,0,0,0,0,0,0,0,0,0,0,0,0,0,0,0,0,0,0,0,0,0,0,0,0,0,0,0,0,0,0,0,0,0,0,0,0,0,0,0,0,0,0,0,0,0,0,0,0,0,0,0,0,0,0,0,0,0,0,0,0,0,0,0,0,0,0,0,0,0,0,0,0,0,0,0,0,0,0,0,0,0,0,0,0,0,0,0,0,0,0,0,0,0,0,0
ARTHROPODA,Diptera,Tabanidae,1,0,2,1,0,0,0,0,0,0,0,0,0,0,0,0,2,0,0,0,0,5,0,0,0,3,0,0,0,0,0,3,2,0,2,0,0,0,0,1,0,0,0,1,1,6,1,0,0,7,0,0,0,0,0,1,0,0,10,0,0,0,0,0,0,0,0,3,0,0,1,0,0,0,0,1,0,0,0,0,0,0,0,0,0,0,0,0,1,3,0,0,0,10,0,0,0,0,0,0,0,0,0,2,0,0
ARTHROPODA,Diptera,Thaumaleidae,0,0,0,0,0,0,0,0,0,0,0,0,0,0,0,0,0,0,0,0,0,0,0,0,0,0,0,0,0,0,0,0,0,0,1,0,0,0,0,0,0,0,0,0,0,0,0,0,0,0,0,0,0,0,0,0,0,0,0,0,0,0,0,0,0,0,0,0,0,0,0,0,0,0,0,0,0,0,0,0,0,0,0,0,0,0,0,0,0,0,0,0,0,0,0,0,0,0,0,0,0,0,0,0,0,0
ARTHROPODA,Diptera,Tipulidae,2,12,0,3,2,4,0,0,0,2,0,1,0,0,0,1,10,3,0,0,1,1,0,0,0,1,0,0,1,0,0,0,0,0,0,0,0,0,3,2,0,3,1,1,0,4,2,2,3,0,0,0,0,1,1,0,1,0,3,0,0,0,0,1,0,0,0,3,5,0,3,4,2,4,0,1,0,0,9,0,1,2,0,0,0,0,0,0,1,0,0,0,0,0,0,0,0,60,1,0,0,26,2,0,0,0
